{"Cnf":{"U":"","P":"","Compress":true,"Crypt":true},"Id":8,"VerifyKey":"d38m36hj3v225gnk","Addr":"","Remark":"windows","Status":true,"IsConnect":false,"RateLimit":0,"Flow":{"ExportFlow":0,"InletFlow":0,"FlowLimit":0},"Rate":{"NowRate":0},"NoStore":false,"NoDisplay":false,"MaxConn":0,"NowConn":0,"WebUserName":"","WebPassword":"","ConfigConnAllow":true,"MaxTunnelNum":0,"Version":""}
*#*{"Cnf":{"U":"","P":"","Compress":true,"Crypt":true},"Id":10,"VerifyKey":"yosck5oscyks7j68","Addr":"","Remark":"linux","Status":true,"IsConnect":false,"RateLimit":0,"Flow":{"ExportFlow":0,"InletFlow":0,"FlowLimit":0},"Rate":{"NowRate":0},"NoStore":false,"NoDisplay":false,"MaxConn":0,"NowConn":0,"WebUserName":"","WebPassword":"","ConfigConnAllow":true,"MaxTunnelNum":0,"Version":""}
*#*