{"Id":1,"Port":8029,"ServerIp":"","Mode":"socks5","Status":true,"RunStatus":true,"Client":{"Cnf":{"U":"","P":"","Compress":true,"Crypt":true},"Id":8,"VerifyKey":"d38m36hj3v225gnk","Addr":"","Remark":"windows","Status":true,"IsConnect":false,"RateLimit":0,"Flow":{"ExportFlow":0,"InletFlow":0,"FlowLimit":0},"Rate":{"NowRate":0},"NoStore":false,"NoDisplay":false,"MaxConn":0,"NowConn":0,"WebUserName":"","WebPassword":"","ConfigConnAllow":true,"MaxTunnelNum":0,"Version":""},"Ports":"","Flow":{"ExportFlow":0,"InletFlow":0,"FlowLimit":0},"Password":"","Remark":"备注3","TargetAddr":"","NoStore":false,"LocalPath":"","StripPre":"","ExpireTime":"2023-08-10","Account":null,"ConnectAccountInfo":{"Id":0,"Username":"","Password":"","Mode":"","ListenIp":"","TotalFlow":0,"UsedFlow":0,"ExpireTime":"","Flow":null,"IsAuth":0,"Udp":0,"Status":0,"Remark":"","AutoReset":0,"DeviceWarning":0,"DeviceLimit":0,"LoginIps":null,"NowConnCount":0,"LockTime":0},"Target":{"TargetStr":"","TargetArr":null,"LocalProxy":false},"ServiceMaxConn":0,"MultiAccount":null,"HealthCheckTimeout":0,"HealthMaxFail":0,"HealthCheckInterval":0,"HealthNextTime":"0001-01-01T00:00:00Z","HealthMap":null,"HttpHealthUrl":"","HealthRemoveArr":null,"HealthCheckType":"","HealthCheckTarget":""}
*#*